33979f,192.168.2.134,GET,http://bolt.independent-tutorials.local/bolt/clearcache,1528589830,,200
b4b433,192.168.2.134,GET,http://bolt.independent-tutorials.local/bolt/files,1528589833,,200
8e174d,192.168.2.134,GET,http://bolt.independent-tutorials.local/bolt/files/files/2018-06,1528589835,,200
3c4f1b,192.168.2.134,GET,http://bolt.independent-tutorials.local/thumbs/54x40c/2018-06/index%2812%29.jpeg,1528589836,,200
e72ca6,192.168.2.134,GET,http://bolt.independent-tutorials.local/thumbs/54x40c/2018-06/1528137158_testbild.jpg,1528589836,,200
d4e8a8,192.168.2.134,GET,http://bolt.independent-tutorials.local/thumbs/54x40c/2018-06/index%2810%29.jpeg,1528589836,,200
5e0c52,192.168.2.134,GET,http://bolt.independent-tutorials.local/thumbs/54x40c/2018-06/1528137196_testbild.jpg,1528589836,,200
b49cd0,192.168.2.134,GET,http://bolt.independent-tutorials.local/thumbs/54x40c/2018-06/index%2813%29.jpeg,1528589836,,200
39a51a,192.168.2.134,GET,http://bolt.independent-tutorials.local/thumbs/54x40c/2018-06/index%2811%29.jpeg,1528589836,,200
de767a,192.168.2.134,GET,http://bolt.independent-tutorials.local/thumbs/54x40c/2018-06/1528136626_Beautiful-Wallpaper.jpg,1528589836,,200
802e72,192.168.2.134,GET,http://bolt.independent-tutorials.local/thumbs/54x40c/2018-06/1528141839_Skarmavbild-2016-11-11-kl.-15.43.01-1024x636.jpg,1528589836,,200
a3abc0,192.168.2.134,GET,http://bolt.independent-tutorials.local/thumbs/54x40c/2018-06/1528227061_Skarmavbild-2016-11-11-kl.-15.43.01-1024x636.jpg,1528589836,,200
d2bb52,192.168.2.134,GET,http://bolt.independent-tutorials.local/thumbs/54x40c/2018-06/1528374747_Skarmavbild-2016-11-11-kl.-15.43.01-1024x636.jpg,1528589836,,200
4d02d3,192.168.2.134,GET,http://bolt.independent-tutorials.local/thumbs/54x40c/2018-06/1528227293_Beautiful-Wallpaper.jpg,1528589836,,200
e9acd7,192.168.2.134,GET,http://bolt.independent-tutorials.local/thumbs/54x40c/2018-06/Beautiful-Wallpaper.0603eeb0dcc8bf1d299829c9.jpeg,1528589836,,200
d8cac2,192.168.2.134,GET,http://bolt.independent-tutorials.local/thumbs/54x40c/2018-06/Beautiful-Wallpaper%281%29.jpeg,1528589836,,200
6fce83,192.168.2.134,GET,http://bolt.independent-tutorials.local/thumbs/54x40c/2018-06/index%281%29.jpeg,1528589836,,200
b67943,192.168.2.134,GET,http://bolt.independent-tutorials.local/thumbs/54x40c/2018-06/Beautiful-Wallpaper.jpg,1528589836,,200
a46f6d,192.168.2.134,GET,http://bolt.independent-tutorials.local/thumbs/54x40c/2018-06/Beautiful-Wallpaper.jpeg,1528589836,,200
af0e4c,192.168.2.134,GET,http://bolt.independent-tutorials.local/thumbs/54x40c/2018-06/index%283%29.jpeg,1528589836,,200
6f36c5,192.168.2.134,GET,http://bolt.independent-tutorials.local/thumbs/54x40c/2018-06/index%282%29.jpeg,1528589836,,200
c984b6,192.168.2.134,GET,http://bolt.independent-tutorials.local/thumbs/54x40c/2018-06/index%285%29.jpeg,1528589836,,200
2609af,192.168.2.134,GET,http://bolt.independent-tutorials.local/thumbs/54x40c/2018-06/index%284%29.jpeg,1528589836,,200
9467e9,192.168.2.134,GET,http://bolt.independent-tutorials.local/thumbs/54x40c/2018-06/index%287%29.jpeg,1528589836,,200
852d9d,192.168.2.134,GET,http://bolt.independent-tutorials.local/thumbs/54x40c/2018-06/index%288%29.jpeg,1528589836,,200
1b3c9e,192.168.2.134,GET,http://bolt.independent-tutorials.local/thumbs/54x40c/2018-06/index%286%29.jpeg,1528589836,,200
1c38f7,192.168.2.134,GET,http://bolt.independent-tutorials.local/thumbs/54x40c/2018-06/index.jpeg,1528589836,,200
e3f262,192.168.2.134,GET,http://bolt.independent-tutorials.local/thumbs/54x40c/2018-06/index%289%29.jpeg,1528589836,,200
312b98,192.168.2.134,GET,http://bolt.independent-tutorials.local/thumbs/54x40c/2018-06/nilsbild.jpeg,1528589836,,200
1aee3b,192.168.2.134,GET,http://bolt.independent-tutorials.local/thumbs/54x40c/2018-06/nilsbild%281%29.jpeg,1528589836,,200
9954d7,192.168.2.134,GET,http://bolt.independent-tutorials.local/thumbs/54x40c/2018-06/placeholder_0ecfb34d1f90.jpg,1528589836,,200
527585,192.168.2.134,GET,http://bolt.independent-tutorials.local/thumbs/54x40c/2018-06/placeholder_3b9363ef30fa.jpg,1528589836,,200
084ce2,192.168.2.134,GET,http://bolt.independent-tutorials.local/thumbs/54x40c/2018-06/placeholder_6dc5fe295e57.jpg,1528589836,,200
e6b5ec,192.168.2.134,GET,http://bolt.independent-tutorials.local/thumbs/54x40c/2018-06/placeholder_205cf232e846.jpg,1528589836,,200
171a37,192.168.2.134,GET,http://bolt.independent-tutorials.local/thumbs/54x40c/2018-06/placeholder_75352abb8878.jpg,1528589836,,200
1a4841,192.168.2.134,GET,http://bolt.independent-tutorials.local/thumbs/54x40c/2018-06/placeholder_ef8a8d2e7256.jpg,1528589837,,200
f4ed0c,192.168.2.134,GET,http://bolt.independent-tutorials.local/thumbs/54x40c/2018-06/placeholder_d5ad5cea5131.jpg,1528589837,,200
168c9a,192.168.2.134,GET,http://bolt.independent-tutorials.local/thumbs/54x40c/2018-06/placeholder_9d7ffa62b723.jpg,1528589837,,200
10f1bd,192.168.2.134,GET,http://bolt.independent-tutorials.local/thumbs/54x40c/2018-06/placeholder_a0951dfbb1cb.jpg,1528589837,,200
c758de,192.168.2.134,GET,http://bolt.independent-tutorials.local/thumbs/54x40c/2018-06/Skarmavbild-2016-11-11-kl.-15.43.01-1024x636.jpeg,1528589837,,200
728f8f,192.168.2.134,GET,http://bolt.independent-tutorials.local/thumbs/54x40c/2018-06/placeholder_8f012b0e373b.jpg,1528589837,,200
2a2734,192.168.2.134,GET,http://bolt.independent-tutorials.local/thumbs/54x40c/2018-06/testbild.jpeg,1528589837,,200
632681,192.168.2.134,GET,http://bolt.independent-tutorials.local/thumbs/54x40c/2018-06/testbild%281%29.jpeg,1528589837,,200
999c08,192.168.2.134,GET,http://bolt.independent-tutorials.local/thumbs/54x40c/2018-06/testbild.jpg,1528589837,,200
7c16d1,192.168.2.134,GET,http://bolt.independent-tutorials.local/thumbs/54x40c/2018-06/Skarmavbild-2016-11-11-kl.-15.43.01-1024x636.jpg,1528589837,,200
4fad21,192.168.2.134,POST,http://bolt.independent-tutorials.local/async/file/delete,1528589840,,200
eb8b8f,192.168.2.134,POST,http://bolt.independent-tutorials.local/async/file/delete,1528589843,,200
f8872b,192.168.2.134,POST,http://bolt.independent-tutorials.local/async/file/delete,1528589848,,200
